accuracy,precision,recall,f1_score,auc_ovr,auc_per_class,loss,model
0.9346064814814815,0.9336296452882027,0.9346064814814815,0.9339218994988633,0.974555639108078,"[0.9745566207956775, 0.9745546574204784]",0.20192398130893707,Conv2DOldPCEN
0.90625,0.9034536349040189,0.90625,0.9027542205639347,0.946816583452281,"[0.9468229644216779, 0.9468102024828843]",0.37451279163360596,Conv2DOldPCEN 1
0.9357638888888888,0.9345922939444519,0.9357638888888888,0.934681383528249,0.9563276637602169,"[0.9562893779438356, 0.9563659495765982]",0.27026617527008057,Conv2DOldPCEN 2
0.9450231481481481,0.9441852860829811,0.9450231481481481,0.9440966795962493,0.9832887319933952,"[0.9832887319933953, 0.9832887319933952]",0.16739295423030853,Conv2DOldPCEN 3
