accuracy,precision,recall,f1_score,auc_ovr,auc_per_class,loss,model
0.7275390625,0.7345385508141848,0.7275390625,0.7253478306848756,0.8750091165118271,"[0.8514190673828124, 0.8667848876572561, 0.9068233944954128]",1.1147080659866333,Conv2DOldPCEN
0.70166015625,0.7111439120770575,0.70166015625,0.6979988915012161,0.8412969040481814,"[0.7895197550455729, 0.8162852694808772, 0.9180856876180936]",1.309075951576233,Conv2DSpec
0.6068831798351915,0.6129325423285892,0.6068831798351915,0.6008420470400507,0.7639182027470879,"[0.6996078667953668, 0.7371223401980491, 0.8550244012478474]",1.3717219829559326,mfcc_cnn
