accuracy,precision,recall,f1_score,auc_ovr,auc_per_class,loss,model
0.9450231481481481,0.9441852860829811,0.9450231481481481,0.9440966795962493,0.9832887319933952,"[0.9832887319933953, 0.9832887319933952]",0.1673930138349533,Conv2DOldPCEN
0.9288194444444444,0.927321906073253,0.9288194444444444,0.927304851481076,0.965550618757694,"[0.965550618757694, 0.965550618757694]",0.23736770451068878,Conv2DSpec
0.8819804260218768,0.8782223286567495,0.8819804260218768,0.8792944949712692,0.9022433008748079,"[0.902243780274063, 0.9022428214755527]",0.458863228559494,mfcc_cnn
