accuracy,precision,recall,f1_score,auc_ovr,auc_per_class,loss,model
0.6960227272727273,0.6764318855134906,0.6960227272727273,0.6773421970615104,0.8440495851140948,"[0.9009584664536741, 1.0, 0.5181304058549567, 0.9820391675983698, 0.9046130952380952, 0.846353042727665, 0.6638808139534884, 0.9805636540330418, 0.8393595041322314, 0.8045977011494253]",1.3904179334640503,Conv2DOldPCEN
0.6079545454545454,0.6115170226461761,0.6079545454545454,0.5941520730018587,0.8445024179297207,"[0.884820185139674, 0.9991683300066533, 0.3913838988689288, 0.9639701374111876, 0.8716269841269841, 0.9177096820601351, 0.7427325581395349, 0.9705215419501134, 0.7799586776859505, 0.923132183908046]",1.6913639307022095,Conv2DSpec
0.5861111111111111,0.5504186707189055,0.5861111111111111,0.5515812918771853,0.7443247271190139,"[0.8522246185797586, 0.8227745289148798, 0.7225471085120208, 0.9231144740053698, 0.773485725308642, 0.8109285011939878, 0.6846590909090909, 0.6068376068376069, 0.7744533947065593, 0.47222222222222227]",2.1132092475891113,mfcc_cnn
