epoch,accuracy,loss,val_accuracy,val_loss
0,0.8302972316741943,0.5359143018722534,0.8604586124420166,0.4699305295944214
